;MELHOR GLOBAL;MELHOR LOCAL;CAMINHO
0;164221.23939925947;164221.23939925947;24-23-10-5-41-30-39-14-7-28-42-9-33-31-6-45-13-17-43-34-48-46-20-8-11-21-16-25-18-44-4-38-3-1-26-22-47-32-2-19-12-27-40-36-35-15-37-29
1;169471.48604963682;169471.48604963682;24-23-10-5-41-30-39-14-7-28-42-9-33-31-6-45-13-17-1-34-48-46-20-8-11-21-16-25-18-44-4-38-3-43-26-22-47-32-2-19-12-27-40-36-35-15-37-29
2;168996.811436103;168996.811436103;24-23-10-5-41-30-39-14-7-28-42-9-33-31-6-11-13-17-1-34-48-46-20-8-45-21-16-25-18-44-4-38-3-43-26-22-47-32-2-19-12-27-40-36-35-15-37-29
3;165607.03086369866;165607.03086369866;24-23-10-5-41-30-39-17-7-28-42-9-33-31-6-11-13-14-1-34-48-46-20-8-45-21-16-25-18-44-4-38-3-43-26-22-47-32-2-19-12-27-40-36-35-15-37-29
4;164757.6162450393;164757.6162450393;24-23-10-5-41-30-39-17-7-28-42-9-33-31-6-11-13-14-1-34-48-46-20-8-45-21-16-25-18-44-4-38-3-32-26-22-47-43-2-19-12-27-40-36-35-15-37-29
5;167326.50756979178;167326.50756979178;24-23-10-5-41-30-39-17-7-28-42-9-33-31-6-11-13-14-1-34-20-46-48-8-45-21-16-25-18-44-4-38-3-32-26-22-47-43-2-19-12-27-40-36-35-15-37-29
6;166825.74635247566;166825.74635247566;24-23-10-5-41-30-39-17-7-28-42-9-33-31-6-11-13-14-1-34-20-46-48-8-45-21-16-25-15-44-4-38-3-32-26-22-47-43-2-19-12-27-40-36-35-18-37-29
7;152467.6750711237;152467.6750711237;24-23-10-5-41-30-39-17-7-28-42-9-33-31-6-11-13-14-1-34-20-46-48-8-45-21-16-25-15-44-36-38-3-32-26-22-47-43-2-19-12-27-40-4-35-18-37-29
8;150926.8053957965;150926.8053957965;24-23-10-5-41-30-39-17-7-28-42-14-33-31-6-11-13-9-1-34-20-46-48-8-45-21-16-25-15-44-36-38-3-32-26-22-47-43-2-19-12-27-40-4-35-18-37-29
9;151800.41975814808;151800.41975814808;19-23-10-5-41-30-39-17-7-28-42-14-33-31-6-11-13-9-1-34-20-46-48-8-45-21-16-25-15-44-36-38-3-32-26-22-47-43-2-24-12-27-40-4-35-18-37-29
10;150339.84654182795;150339.84654182795;19-23-10-5-41-30-39-42-7-28-17-14-33-31-6-11-13-9-1-34-20-46-48-8-45-21-16-25-15-44-36-38-3-32-26-22-47-43-2-24-12-27-40-4-35-18-37-29
11;152713.38707834436;152713.38707834436;19-23-10-5-41-30-39-42-7-14-17-28-33-31-6-11-13-9-1-34-20-46-48-8-45-21-16-25-15-44-36-38-3-32-26-22-47-43-2-24-12-27-40-4-35-18-37-29
12;144952.70137731862;144952.70137731862;2-23-10-5-41-30-39-42-7-14-17-28-33-31-6-11-13-9-1-34-20-46-48-8-45-21-16-25-15-44-36-38-3-32-26-22-47-43-19-24-12-27-40-4-35-18-37-29
13;142570.17184582484;142570.17184582484;2-23-10-5-41-31-39-42-7-14-17-28-33-30-6-11-13-9-1-34-20-46-48-8-45-21-16-25-15-44-36-38-3-32-26-22-47-43-19-24-12-27-40-4-35-18-37-29
14;139601.4310272334;139601.4310272334;2-23-10-5-41-31-39-42-7-14-17-28-33-30-6-11-13-9-1-34-20-46-48-3-45-21-16-25-15-44-36-38-8-32-26-22-47-43-19-24-12-27-40-4-35-18-37-29
15;138665.9970760208;138665.9970760208;2-23-10-5-41-31-39-42-7-14-17-28-33-30-6-11-13-9-1-34-20-46-48-47-45-21-16-25-15-44-36-38-8-32-26-22-3-43-19-24-12-27-40-4-35-18-37-29
16;138439.58079757995;138439.58079757995;2-23-10-5-41-31-39-42-7-14-17-28-33-30-6-11-13-9-1-34-20-46-48-47-45-21-16-25-15-37-36-38-8-32-26-22-3-43-19-24-12-27-40-4-35-18-44-29
17;142456.15266240097;142456.15266240097;2-23-10-5-41-31-39-42-7-14-17-28-33-30-6-11-13-9-1-36-20-46-48-47-45-21-16-25-15-37-34-38-8-32-26-22-3-43-19-24-12-27-40-4-35-18-44-29
18;137568.0663953907;137568.0663953907;2-23-10-5-41-31-39-42-7-14-17-28-33-30-6-11-13-9-1-36-20-46-48-47-45-21-16-25-15-37-18-38-8-32-26-22-3-43-19-24-12-27-40-4-35-34-44-29
19;137267.78913878734;137267.78913878734;2-23-10-5-41-31-39-42-7-14-17-28-33-30-6-11-13-9-1-36-20-46-48-47-45-25-16-21-15-37-18-38-8-32-26-22-3-43-19-24-12-27-40-4-35-34-44-29
20;135822.12535707644;135822.12535707644;2-23-10-5-41-15-39-42-7-14-17-28-33-30-6-11-13-9-1-36-20-46-48-47-45-25-16-21-31-37-18-38-8-32-26-22-3-43-19-24-12-27-40-4-35-34-44-29
21;137383.91846921042;137383.91846921042;2-23-10-5-41-15-39-42-7-14-17-28-33-30-6-11-13-9-43-36-20-46-48-47-45-25-16-21-31-37-18-38-8-32-26-22-3-1-19-24-12-27-40-4-35-34-44-29
22;137082.06800890752;137082.06800890752;2-23-10-5-34-15-39-42-7-14-17-28-33-30-6-11-13-9-43-36-20-46-48-47-45-25-16-21-31-37-18-38-8-32-26-22-3-1-19-24-12-27-40-4-35-41-44-29
23;126515.58736507533;126515.58736507533;2-45-10-5-34-15-39-42-7-14-17-28-33-30-6-11-13-9-43-36-20-46-48-47-23-25-16-21-31-37-18-38-8-32-26-22-3-1-19-24-12-27-40-4-35-41-44-29
24;129258.50776807475;129258.50776807475;2-45-10-5-34-15-39-42-7-14-17-28-33-30-6-11-13-9-43-36-20-46-48-47-23-25-16-21-31-37-18-38-8-32-26-22-3-1-19-24-12-27-40-29-35-41-44-4
25;133641.01921761077;133641.01921761077;2-45-10-5-34-15-39-42-7-14-17-28-33-30-6-11-13-9-43-36-20-46-48-47-23-25-16-21-31-37-18-38-8-32-3-22-26-1-19-24-12-27-40-29-35-41-44-4
26;131638.0836014946;131638.0836014946;2-45-10-5-34-15-39-42-35-14-17-28-33-30-6-11-13-9-43-36-20-46-48-47-23-25-16-21-31-37-18-38-8-32-3-22-26-1-19-24-12-27-40-29-7-41-44-4
27;129550.78721657732;129550.78721657732;2-45-10-5-34-15-39-42-35-14-12-28-33-30-6-11-13-9-43-36-20-46-48-47-23-25-16-21-31-37-18-38-8-32-3-22-26-1-19-24-17-27-40-29-7-41-44-4
28;127653.65573938965;127653.65573938965;2-45-10-5-34-15-39-42-35-14-12-28-33-30-6-11-13-9-43-36-20-46-48-47-23-25-16-21-31-37-18-38-8-32-3-22-26-1-4-24-17-27-40-29-7-41-44-19
29;130695.12416374855;130695.12416374855;2-45-10-5-34-15-39-7-35-14-12-28-33-30-6-11-13-9-43-36-20-46-48-47-23-25-16-21-31-37-18-38-8-32-3-22-26-1-4-24-17-27-40-29-42-41-44-19
30;133040.99265483292;133040.99265483292;2-45-10-5-34-15-39-7-35-14-12-28-33-30-6-11-13-22-43-36-20-46-48-47-23-25-16-21-31-37-18-38-8-32-3-9-26-1-4-24-17-27-40-29-42-41-44-19
31;134150.1347074245;134150.1347074245;2-45-10-5-34-15-39-7-35-14-12-28-33-30-6-11-13-22-43-36-27-46-48-47-23-25-16-21-31-37-18-38-8-32-3-9-26-1-4-24-17-20-40-29-42-41-44-19
32;127307.19385811249;127307.19385811249;2-45-10-5-34-15-39-7-35-14-12-28-33-30-6-11-13-22-43-36-27-46-48-47-23-25-16-1-31-37-18-38-8-32-3-9-26-21-4-24-17-20-40-29-42-41-44-19
33;133466.76238162906;133466.76238162906;2-45-10-5-34-15-39-7-35-14-12-28-33-30-6-11-13-22-43-36-26-46-48-47-23-25-16-1-31-37-18-38-8-32-3-9-27-21-4-24-17-20-40-29-42-41-44-19
34;131801.66906778177;131801.66906778177;2-45-10-5-34-15-39-7-35-14-12-28-33-30-6-11-13-47-43-36-26-46-48-22-23-25-16-1-31-37-18-38-8-32-3-9-27-21-4-24-17-20-40-29-42-41-44-19
35;129606.71343877459;129606.71343877459;2-45-10-5-34-15-39-7-35-14-12-28-33-30-6-11-13-47-43-36-23-46-48-22-26-25-16-1-31-37-18-38-8-32-3-9-27-21-4-24-17-20-40-29-42-41-44-19
36;130292.41341240065;130292.41341240065;2-45-10-5-34-15-39-7-35-14-12-28-33-30-6-11-13-47-43-36-38-46-48-22-26-25-16-1-31-37-18-23-8-32-3-9-27-21-4-24-17-20-40-29-42-41-44-19
37;133733.9129242999;133733.9129242999;2-45-10-5-34-15-39-7-35-14-12-28-33-30-6-11-13-31-43-36-38-46-48-22-26-25-16-1-47-37-18-23-8-32-3-9-27-21-4-24-17-20-40-29-42-41-44-19
38;133732.14529502916;133732.14529502916;27-45-10-5-34-15-39-7-35-14-12-28-33-30-6-11-13-31-43-36-38-46-48-22-26-25-16-1-47-37-18-23-8-32-3-9-2-21-4-24-17-20-40-29-42-41-44-19
39;124047.41003935273;124047.41003935273;27-45-10-5-34-15-39-2-35-14-12-28-33-30-6-11-13-31-43-36-38-46-48-22-26-25-16-1-47-37-18-23-8-32-3-9-7-21-4-24-17-20-40-29-42-41-44-19
40;124626.55811163493;124626.55811163493;27-45-10-5-3-15-39-2-35-14-12-28-33-30-6-11-13-31-43-36-38-46-48-22-26-25-16-1-47-37-18-23-8-32-34-9-7-21-4-24-17-20-40-29-42-41-44-19
41;125880.16673933806;125880.16673933806;27-45-10-5-3-15-39-2-35-14-12-28-33-30-6-11-13-31-9-36-38-46-48-22-26-25-16-1-47-37-18-23-8-32-34-43-7-21-4-24-17-20-40-29-42-41-44-19
42;123407.88852355802;123407.88852355802;27-45-10-5-3-15-39-2-35-14-12-28-33-30-6-11-13-31-9-36-38-46-48-22-26-34-16-1-47-37-18-23-8-32-25-43-7-21-4-24-17-20-40-29-42-41-44-19
43;123330.40575247072;123330.40575247072;27-45-10-5-3-15-39-2-35-14-12-28-33-30-6-11-13-31-9-36-38-46-48-22-26-34-16-1-47-37-18-23-8-32-25-43-7-41-4-24-17-20-40-29-42-21-44-19
44;125841.1992202116;125841.1992202116;27-45-10-5-3-15-39-2-35-14-12-28-33-30-6-11-13-31-9-36-1-46-48-22-26-34-16-38-47-37-18-23-8-32-25-43-7-41-4-24-17-20-40-29-42-21-44-19
45;127475.66839545648;127475.66839545648;27-45-10-5-3-15-39-2-35-14-12-28-33-30-6-11-13-31-9-36-1-46-48-22-26-34-16-38-47-37-18-23-8-32-25-43-7-41-4-24-17-19-40-29-42-21-44-20
46;126859.48745335484;126859.48745335484;7-45-10-5-3-15-39-2-35-14-12-28-33-30-6-11-13-31-9-36-1-46-48-22-26-34-16-38-47-37-18-23-8-32-25-43-27-41-4-24-17-19-40-29-42-21-44-20
47;124573.50530640152;124573.50530640152;7-45-10-5-3-15-39-2-35-14-12-28-33-30-6-11-13-31-9-36-1-46-48-22-26-34-16-38-27-37-18-23-8-32-25-43-47-41-4-24-17-19-40-29-42-21-44-20
48;127181.98880398934;127181.98880398934;5-45-10-7-3-15-39-2-35-14-12-28-33-30-6-11-13-31-9-36-1-46-48-22-26-34-16-38-27-37-18-23-8-32-25-43-47-41-4-24-17-19-40-29-42-21-44-20
49;126861.66754502035;126861.66754502035;5-45-10-7-3-15-39-2-35-14-12-28-33-30-6-11-13-31-9-36-1-46-48-22-26-32-16-38-27-37-18-23-8-34-25-43-47-41-4-24-17-19-40-29-42-21-44-20
50;127078.75891621146;127078.75891621146;5-45-10-7-3-15-39-2-35-14-12-28-33-30-6-11-13-31-9-36-1-46-48-22-26-32-16-38-17-37-18-23-8-34-25-43-47-41-4-24-27-19-40-29-42-21-44-20
51;124406.01306487294;124406.01306487294;5-45-10-7-3-15-39-2-35-14-12-28-33-30-6-11-13-31-9-36-1-46-48-23-26-32-16-38-17-37-18-22-8-34-25-43-47-41-4-24-27-19-40-29-42-21-44-20
52;128502.54583440581;128502.54583440581;5-45-10-7-3-15-39-2-35-14-12-28-33-30-6-11-13-31-9-36-1-46-48-23-26-32-27-38-17-37-18-22-8-34-25-43-47-41-4-24-16-19-40-29-42-21-44-20
53;127491.04442575458;127491.04442575458;5-45-10-7-3-15-39-2-35-24-12-28-33-30-6-11-13-31-9-36-1-46-48-23-26-32-27-38-17-37-18-22-8-34-25-43-47-41-4-14-16-19-40-29-42-21-44-20
54;129912.6399033131;129912.6399033131;5-29-10-7-3-15-39-2-35-24-12-28-33-30-6-11-13-31-9-36-1-46-48-23-26-32-27-38-17-37-18-22-8-34-25-43-47-41-4-14-16-19-40-45-42-21-44-20
55;128578.58043760038;128578.58043760038;5-29-10-7-3-15-39-2-35-24-12-28-17-30-6-11-13-31-9-36-1-46-48-23-26-32-27-38-33-37-18-22-8-34-25-43-47-41-4-14-16-19-40-45-42-21-44-20
56;127373.87689994616;127373.87689994616;5-29-15-7-3-10-39-2-35-24-12-28-17-30-6-11-13-31-9-36-1-46-48-23-26-32-27-38-33-37-18-22-8-34-25-43-47-41-4-14-16-19-40-45-42-21-44-20
57;126114.66348138069;126114.66348138069;5-29-15-7-3-10-39-2-35-24-12-28-17-30-6-11-13-31-9-36-1-46-48-23-26-32-27-38-33-37-18-22-8-34-25-43-47-41-4-14-16-19-44-45-42-21-40-20
58;129089.20146153244;129089.20146153244;5-29-15-7-3-10-39-2-35-24-12-28-17-30-6-11-13-31-9-36-1-46-48-23-26-32-27-38-33-37-18-22-8-34-25-43-47-40-4-14-16-19-44-45-42-21-41-20
59;128284.24817280893;128284.24817280893;5-29-19-7-3-10-39-2-35-24-12-28-17-30-6-11-13-31-9-36-1-46-48-23-26-32-27-38-33-37-18-22-8-34-25-43-47-40-4-14-16-15-44-45-42-21-41-20
60;127588.76658325159;127588.76658325159;5-29-19-7-3-10-39-14-35-24-12-28-17-30-6-11-13-31-9-36-1-46-48-23-26-32-27-38-33-37-18-22-8-34-25-43-47-40-4-2-16-15-44-45-42-21-41-20
61;126658.36628749463;126658.36628749463;5-29-19-7-3-10-42-14-35-24-12-28-17-30-6-11-13-31-9-36-1-46-48-23-26-32-27-38-33-37-18-22-8-34-25-43-47-40-4-2-16-15-44-45-39-21-41-20
62;126696.96611421459;126696.96611421459;5-29-19-7-3-10-42-14-35-24-6-28-17-30-12-11-13-31-9-36-1-46-48-23-26-32-27-38-33-37-18-22-8-34-25-43-47-40-4-2-16-15-44-45-39-21-41-20
63;126632.63430330064;126632.63430330064;5-29-19-7-3-10-42-14-35-24-6-28-17-30-12-11-36-31-9-13-1-46-48-23-26-32-27-38-33-37-18-22-8-34-25-43-47-40-4-2-16-15-44-45-39-21-41-20
64;124221.64394432292;124221.64394432292;5-29-19-7-46-10-42-14-35-24-6-28-17-30-12-11-36-31-9-13-1-3-48-23-26-32-27-38-33-37-18-22-8-34-25-43-47-40-4-2-16-15-44-45-39-21-41-20
65;121699.72532347555;121699.72532347555;5-29-19-7-46-10-42-14-35-24-6-28-17-30-12-20-36-31-9-13-1-3-48-23-26-32-27-38-33-37-18-22-8-34-25-43-47-40-4-2-16-15-44-45-39-21-41-11
66;126775.89188169416;126775.89188169416;5-29-19-7-46-10-42-14-35-24-4-28-17-30-12-20-36-31-9-13-1-3-48-23-26-32-27-38-33-37-18-22-8-34-25-43-47-40-6-2-16-15-44-45-39-21-41-11
67;123986.81005079462;123986.81005079462;5-29-19-7-46-10-42-14-35-24-4-28-17-30-12-20-36-31-9-13-1-3-48-23-26-32-27-43-33-37-18-22-8-34-25-38-47-40-6-2-16-15-44-45-39-21-41-11
68;128803.41787680221;128803.41787680221;24-29-19-7-46-10-42-14-35-5-4-28-17-30-12-20-36-31-9-13-1-3-48-23-26-32-27-43-33-37-18-22-8-34-25-38-47-40-6-2-16-15-44-45-39-21-41-11
69;128750.94129068003;128750.94129068003;24-29-19-7-46-10-42-14-35-5-4-28-6-30-12-20-36-31-9-13-1-3-48-23-26-32-27-43-33-37-18-22-8-34-25-38-47-40-17-2-16-15-44-45-39-21-41-11
70;129733.94633169475;129733.94633169475;24-29-19-7-46-10-42-14-35-5-4-28-6-30-12-20-36-31-9-13-1-3-48-23-26-32-27-43-33-37-18-40-8-34-25-38-47-22-17-2-16-15-44-45-39-21-41-11
71;129246.63615962972;129246.63615962972;24-29-19-7-46-10-42-14-35-5-4-28-6-30-12-20-36-31-9-13-1-38-48-23-26-32-27-43-33-37-18-40-8-34-25-3-47-22-17-2-16-15-44-45-39-21-41-11
72;134420.5196279189;134420.5196279189;24-29-19-7-46-10-42-14-35-5-4-28-6-30-12-25-36-31-9-13-1-38-48-23-26-32-27-43-33-37-18-40-8-34-20-3-47-22-17-2-16-15-44-45-39-21-41-11
73;126621.64700450246;126621.64700450246;14-29-19-7-46-10-42-24-35-5-4-28-6-30-12-25-36-31-9-13-1-38-48-23-26-32-27-43-33-37-18-40-8-34-20-3-47-22-17-2-16-15-44-45-39-21-41-11
74;131320.53108234965;131320.53108234965;14-29-19-7-46-10-42-24-35-5-4-28-6-30-12-25-36-31-9-13-1-38-48-23-26-32-41-43-33-37-18-40-8-34-20-3-47-22-17-2-16-15-44-45-39-21-27-11
75;129787.81056944367;129787.81056944367;14-29-19-7-46-10-42-24-35-5-16-28-6-30-12-25-36-31-9-13-1-38-48-23-26-32-41-43-33-37-18-40-8-34-20-3-47-22-17-2-4-15-44-45-39-21-27-11
76;130115.89388952234;130115.89388952234;16-29-19-7-46-10-42-24-35-5-14-28-6-30-12-25-36-31-9-13-1-38-48-23-26-32-41-43-33-37-18-40-8-34-20-3-47-22-17-2-4-15-44-45-39-21-27-11
77;130422.44312114714;130422.44312114714;16-29-19-7-46-10-42-24-35-5-14-28-6-30-12-25-36-31-9-13-1-20-48-23-26-32-41-43-33-37-18-40-8-34-38-3-47-22-17-2-4-15-44-45-39-21-27-11
78;130557.79514390483;130557.79514390483;16-29-19-7-46-10-42-24-35-5-14-28-6-30-12-25-36-31-1-13-9-20-48-23-26-32-41-43-33-37-18-40-8-34-38-3-47-22-17-2-4-15-44-45-39-21-27-11
79;133512.62842388294;133512.62842388294;16-29-19-7-46-10-42-24-35-5-14-28-6-30-12-25-36-31-1-13-9-20-48-23-26-32-41-43-33-37-18-40-27-34-38-3-47-22-17-2-4-15-44-45-39-21-8-11
80;132781.1956729628;132781.1956729628;16-29-19-7-46-10-42-24-35-5-14-28-6-30-12-25-36-31-1-47-9-20-48-23-26-32-41-43-33-37-18-40-27-34-38-3-13-22-17-2-4-15-44-45-39-21-8-11
81;132194.02776985345;132194.02776985345;16-29-19-7-46-10-42-24-35-5-14-28-6-30-12-25-36-31-1-47-9-20-48-23-26-32-41-43-33-37-18-40-27-34-38-3-13-22-17-2-4-15-44-21-39-45-8-11
82;133210.88272707516;133210.88272707516;16-29-19-7-46-10-42-24-35-5-14-28-6-30-12-25-36-31-1-47-9-20-48-23-26-32-41-43-34-37-18-40-27-33-38-3-13-22-17-2-4-15-44-21-39-45-8-11
83;134600.43483428386;134600.43483428386;16-29-19-7-46-10-42-24-35-5-14-28-6-30-12-25-36-31-1-47-9-20-48-23-26-32-41-39-34-37-18-40-27-33-38-3-13-22-17-2-4-15-44-21-43-45-8-11
84;132803.32278385185;132803.32278385185;16-29-19-7-46-10-42-24-35-5-14-28-6-30-12-25-36-31-1-47-9-20-48-23-26-32-41-39-34-37-21-40-27-33-38-3-13-22-17-2-4-15-44-18-43-45-8-11
85;134512.21187740294;134512.21187740294;16-4-19-7-46-10-42-24-35-5-14-28-6-30-12-25-36-31-1-47-9-20-48-23-26-32-41-39-34-37-21-40-27-33-38-3-13-22-17-2-29-15-44-18-43-45-8-11
86;133861.5758931242;133861.5758931242;14-4-19-7-46-10-42-24-35-5-16-28-6-30-12-25-36-31-1-47-9-20-48-23-26-32-41-39-34-37-21-40-27-33-38-3-13-22-17-2-29-15-44-18-43-45-8-11
87;124948.56411206715;124948.56411206715;14-4-19-7-46-10-42-24-35-5-16-28-6-30-12-25-36-31-1-47-9-20-48-23-26-32-41-39-17-37-21-40-27-33-38-3-13-22-34-2-29-15-44-18-43-45-8-11
88;126822.09381234889;126822.09381234889;14-4-19-7-46-10-42-24-35-5-16-28-6-30-12-25-36-31-1-47-9-20-48-40-26-32-41-39-17-37-21-23-27-33-38-3-13-22-34-2-29-15-44-18-43-45-8-11
89;131886.91287243576;131886.91287243576;14-4-19-7-46-10-42-24-35-5-16-28-6-30-12-25-36-31-1-47-9-20-18-40-26-32-41-39-17-37-21-23-27-33-38-3-13-22-34-2-29-15-44-48-43-45-8-11
90;132549.86774669398;132549.86774669398;14-4-19-7-46-10-42-24-35-5-16-43-6-30-12-25-36-31-1-47-9-20-18-40-26-32-41-39-17-37-21-23-27-33-38-3-13-22-34-2-29-15-44-48-28-45-8-11
91;136450.8133691893;136450.8133691893;14-4-19-7-46-10-41-24-35-5-16-43-6-30-12-25-36-31-1-47-9-20-18-40-26-32-42-39-17-37-21-23-27-33-38-3-13-22-34-2-29-15-44-48-28-45-8-11
92;136751.7568680117;136751.7568680117;14-4-19-7-46-2-41-24-35-5-16-43-6-30-12-25-36-31-1-47-9-20-18-40-26-32-42-39-17-37-21-23-27-33-38-3-13-22-34-10-29-15-44-48-28-45-8-11
93;136709.04744140233;136709.04744140233;14-4-19-7-46-2-41-24-35-5-16-43-6-30-12-25-36-31-1-47-9-20-18-40-26-32-42-39-17-37-21-23-44-33-38-3-13-22-34-10-29-15-27-48-28-45-8-11
94;130839.88480493955;130839.88480493955;14-4-19-7-46-2-41-24-35-5-16-43-6-30-12-25-36-31-1-47-9-20-18-40-26-32-42-39-17-37-21-23-44-33-38-3-13-22-45-10-29-15-27-48-28-34-8-11
95;131468.8044500091;131468.8044500091;23-4-19-7-46-2-41-24-35-5-16-43-6-30-12-25-36-31-1-47-9-20-18-40-26-32-42-39-17-37-21-14-44-33-38-3-13-22-45-10-29-15-27-48-28-34-8-11
96;129854.90505757736;129854.90505757736;23-4-19-7-47-2-41-24-35-5-16-43-6-30-12-25-36-31-1-46-9-20-18-40-26-32-42-39-17-37-21-14-44-33-38-3-13-22-45-10-29-15-27-48-28-34-8-11
97;126119.81719867035;126119.81719867035;23-4-19-7-47-2-41-24-35-5-16-43-6-30-27-25-36-31-1-46-9-20-18-40-26-32-42-39-17-37-21-14-44-33-38-3-13-22-45-10-29-15-12-48-28-34-8-11
98;125137.4574947763;125137.4574947763;23-4-19-7-47-2-41-24-35-5-16-43-6-30-27-25-36-31-1-46-9-20-18-40-26-32-42-39-17-37-21-14-44-33-38-11-13-22-45-10-29-15-12-48-28-34-8-3
99;127989.54891388126;127989.54891388126;23-4-19-7-47-2-41-24-35-5-16-43-6-30-27-25-36-12-1-46-9-20-18-40-26-32-42-39-17-37-21-14-44-33-38-11-13-22-45-10-29-15-31-48-28-34-8-3
100;126495.5143781861;126495.5143781861;23-4-19-7-47-2-41-24-35-5-16-43-6-30-27-25-36-12-1-46-9-20-18-40-26-32-42-39-17-37-21-14-44-33-38-48-13-22-45-10-29-15-31-11-28-34-8-3
101;124921.42650668848;124921.42650668848;23-4-19-7-47-2-41-24-35-5-16-11-6-30-27-25-36-12-1-46-9-20-18-40-26-32-42-39-17-37-21-14-44-33-38-48-13-22-45-10-29-15-31-43-28-34-8-3
102;124020.0418552686;124020.0418552686;23-4-19-7-47-2-41-24-35-5-16-11-6-30-27-25-39-12-1-46-9-20-18-40-26-32-42-36-17-37-21-14-44-33-38-48-13-22-45-10-29-15-31-43-28-34-8-3
103;123681.82841050839;123681.82841050839;23-4-19-7-47-2-41-24-35-5-16-11-36-30-27-25-39-12-1-46-9-20-18-40-26-32-42-6-17-37-21-14-44-33-38-48-13-22-45-10-29-15-31-43-28-34-8-3
104;127080.03220105993;127080.03220105993;23-4-19-7-47-2-41-24-35-5-16-11-36-30-27-25-39-12-1-46-9-20-18-40-26-32-42-6-17-37-21-14-29-33-38-48-13-22-45-10-44-15-31-43-28-34-8-3
105;130465.91615525265;130465.91615525265;23-4-19-7-47-2-41-24-35-5-16-11-36-30-27-25-39-12-1-46-9-20-18-40-26-32-42-6-17-37-21-14-29-33-38-48-13-22-45-10-44-15-8-43-28-34-31-3
106;125311.41505180787;125311.41505180787;23-4-42-7-47-2-41-24-35-5-16-11-36-30-27-25-39-12-1-46-9-20-18-40-26-32-19-6-17-37-21-14-29-33-38-48-13-22-45-10-44-15-8-43-28-34-31-3
107;122993.53616133875;122993.53616133875;23-4-42-7-47-2-41-24-35-5-16-11-36-30-27-25-39-12-1-46-9-20-18-40-26-32-19-6-17-37-21-14-38-33-29-48-13-22-45-10-44-15-8-43-28-34-31-3
108;118914.92025597698;118914.92025597698;23-4-42-32-47-2-41-24-35-5-16-11-36-30-27-25-39-12-1-46-9-20-18-40-26-7-19-6-17-37-21-14-38-33-29-48-13-22-45-10-44-15-8-43-28-34-31-3
109;116784.9794276005;116784.9794276005;23-4-42-32-47-2-41-24-35-5-16-11-36-30-27-25-39-12-1-46-9-20-18-40-26-43-19-6-17-37-21-14-38-33-29-48-13-22-45-10-44-15-8-7-28-34-31-3
110;119834.2927143819;119834.2927143819;23-4-42-32-47-2-41-24-35-5-16-11-36-30-27-25-39-12-1-46-9-20-18-40-26-43-19-6-17-37-21-14-38-33-29-10-13-22-45-48-44-15-8-7-28-34-31-3
111;110966.67578508622;110966.67578508622;23-4-42-32-47-2-26-24-35-5-16-11-36-30-27-25-39-12-1-46-9-20-18-40-41-43-19-6-17-37-21-14-38-33-29-10-13-22-45-48-44-15-8-7-28-34-31-3
112;111404.66350447621;111404.66350447621;23-4-42-32-47-2-26-24-35-5-16-11-36-30-27-25-39-12-1-46-9-20-18-40-8-43-19-6-17-37-21-14-38-33-29-10-13-22-45-48-44-15-41-7-28-34-31-3
113;110123.20768793368;110123.20768793368;23-4-42-32-47-2-26-24-35-5-16-11-36-30-27-25-39-12-1-46-9-34-18-40-8-43-19-6-17-37-21-14-38-33-29-10-13-22-45-48-44-15-41-7-28-20-31-3
114;110086.06115789084;110086.06115789084;23-4-42-32-47-2-26-24-35-5-16-11-36-30-17-25-39-12-1-46-9-34-18-40-8-43-19-6-27-37-21-14-38-33-29-10-13-22-45-48-44-15-41-7-28-20-31-3
115;110481.56139466482;110481.56139466482;23-4-2-32-47-42-26-24-35-5-16-11-36-30-17-25-39-12-1-46-9-34-18-40-8-43-19-6-27-37-21-14-38-33-29-10-13-22-45-48-44-15-41-7-28-20-31-3
116;108470.05578333385;108470.05578333385;23-4-2-32-34-42-26-24-35-5-16-11-36-30-17-25-39-12-1-46-9-47-18-40-8-43-19-6-27-37-21-14-38-33-29-10-13-22-45-48-44-15-41-7-28-20-31-3
117;109377.96299218504;109377.96299218504;23-4-2-32-34-42-26-24-35-5-16-11-36-30-17-25-39-12-13-46-9-47-18-40-8-43-19-6-27-37-21-14-38-33-29-10-1-22-45-48-44-15-41-7-28-20-31-3
118;109656.30976694096;109656.30976694096;23-4-2-32-34-42-26-24-35-5-16-11-36-30-17-25-39-12-13-46-7-47-18-40-8-43-19-6-27-37-21-14-38-33-29-10-1-22-45-48-44-15-41-9-28-20-31-3
119;111872.0416716142;111872.0416716142;23-4-2-32-34-42-26-24-35-5-16-11-36-30-17-25-10-12-13-46-7-47-18-40-8-43-19-6-27-37-21-14-38-33-29-39-1-22-45-48-44-15-41-9-28-20-31-3
120;110957.87128972968;110957.87128972968;23-4-2-32-34-42-26-24-35-5-15-11-36-30-17-25-10-12-13-46-7-47-18-40-8-43-19-6-27-37-21-14-38-33-29-39-1-22-45-48-44-16-41-9-28-20-31-3
121;108354.6992775984;108354.6992775984;23-4-2-32-34-42-26-10-35-5-15-11-36-30-17-25-24-12-13-46-7-47-18-40-8-43-19-6-27-37-21-14-38-33-29-39-1-22-45-48-44-16-41-9-28-20-31-3
122;106299.84297625902;106299.84297625902;23-4-2-32-34-42-26-10-35-5-15-11-36-30-17-25-24-12-13-46-7-47-18-40-8-43-19-6-27-37-21-14-38-33-29-39-41-22-45-48-44-16-1-9-28-20-31-3
123;106297.8116772576;106297.8116772576;23-4-2-32-34-42-26-10-35-5-45-11-36-30-17-25-24-12-13-46-7-47-18-40-8-43-19-6-27-37-21-14-38-33-29-39-41-22-15-48-44-16-1-9-28-20-31-3
124;108359.18014537932;108359.18014537932;23-4-2-32-34-42-26-10-35-5-45-11-14-30-17-25-24-12-13-46-7-47-18-40-8-43-19-6-27-37-21-36-38-33-29-39-41-22-15-48-44-16-1-9-28-20-31-3
125;107081.53178677802;107081.53178677802;23-4-2-32-34-42-26-10-35-5-45-11-14-30-17-25-24-12-13-46-7-47-16-40-8-43-19-6-27-37-21-36-38-33-29-39-41-22-15-48-44-18-1-9-28-20-31-3
126;109296.9803656336;109296.9803656336;23-4-2-32-34-42-26-10-35-5-14-11-45-30-17-25-24-12-13-46-7-47-16-40-8-43-19-6-27-37-21-36-38-33-29-39-41-22-15-48-44-18-1-9-28-20-31-3
127;111090.43719735432;111090.43719735432;23-4-2-35-34-42-26-10-32-5-14-11-45-30-17-25-24-12-13-46-7-47-16-40-8-43-19-6-27-37-21-36-38-33-29-39-41-22-15-48-44-18-1-9-28-20-31-3
128;107128.70002570983;107128.70002570983;23-4-2-35-34-42-26-10-32-5-14-11-45-30-17-25-24-12-13-46-20-47-16-40-8-43-19-6-27-37-21-36-38-33-29-39-41-22-15-48-44-18-1-9-28-7-31-3
129;109249.47577441375;109249.47577441375;23-4-2-35-34-42-24-10-32-5-14-11-45-30-17-25-26-12-13-46-20-47-16-40-8-43-19-6-27-37-21-36-38-33-29-39-41-22-15-48-44-18-1-9-28-7-31-3
130;109043.70581066054;109043.70581066054;13-4-2-35-34-42-24-10-32-5-14-11-45-30-17-25-26-12-23-46-20-47-16-40-8-43-19-6-27-37-21-36-38-33-29-39-41-22-15-48-44-18-1-9-28-7-31-3
131;109895.56444797815;109895.56444797815;13-4-2-35-34-42-24-10-32-5-14-11-45-30-17-25-26-12-23-46-20-44-16-40-8-43-19-6-27-37-21-36-38-33-29-39-41-22-15-48-47-18-1-9-28-7-31-3
132;108375.36729205328;108375.36729205328;13-4-2-35-34-42-24-10-32-5-14-11-45-30-17-25-26-12-23-46-20-44-16-40-15-43-19-6-27-37-21-36-38-33-29-39-41-22-8-48-47-18-1-9-28-7-31-3
133;110374.30853997501;110374.30853997501;13-4-2-35-34-42-24-10-32-5-14-11-45-30-17-25-26-12-23-46-20-44-16-40-15-31-19-6-27-37-21-36-38-33-29-39-41-22-8-48-47-18-1-9-28-7-43-3
134;113371.97185741;113371.97185741;22-4-2-35-34-42-24-10-32-5-14-11-45-30-17-25-26-12-23-46-20-44-16-40-15-31-19-6-27-37-21-36-38-33-29-39-41-13-8-48-47-18-1-9-28-7-43-3
135;114625.93302370598;114625.93302370598;12-4-2-35-34-42-24-10-32-5-14-11-45-30-17-25-26-22-23-46-20-44-16-40-15-31-19-6-27-37-21-36-38-33-29-39-41-13-8-48-47-18-1-9-28-7-43-3
136;114557.42446214087;114557.42446214087;12-4-2-35-34-42-24-10-32-5-14-11-45-30-17-18-26-22-23-46-20-44-16-40-15-31-19-6-27-37-21-36-38-33-29-39-41-13-8-48-47-25-1-9-28-7-43-3
137;113644.33070865487;113644.33070865487;12-4-2-35-34-42-24-10-32-5-14-11-45-30-17-18-26-22-23-46-20-44-16-40-15-31-19-6-27-37-21-36-38-33-29-39-41-47-8-48-13-25-1-9-28-7-43-3
